title|price|size|block|type|floor|year
大运盛城 2室2厅 660万|660|98|大运盛城|2室2厅|中楼层(共16层)|2002年建板楼  
优质房源 同比小区挂牌价低至1.2万 产权清晰随时看房房主自荐|920|131|圣骊河滨苑|3室2厅|低楼层(共24层)|2009年建板楼  
雍景园 大三房 前无遮挡  楼层佳  房型整齐|990|136|新江湾城雍景苑|3室2厅|中楼层(共12层)|2008年建板楼  
阳明新城+品质小区+高区景观房+满五唯一+精装修+诚售|560|71|阳明新城|2室1厅|高楼层(共35层)|1997年建塔楼  
三门路358弄 2室1厅 330万|330|68|三门路358弄|2室1厅|高楼层(共7层)|1994年建板楼  
阳明新城+满五唯一+业主诚意出售+看房随时|545|74|阳明新城|2室1厅|中楼层(共35层)|1997年建塔楼  
房型方正，三开间朝南，全明户型，看房提前约房主自荐|888|106|宝地东花园|2室2厅|中楼层(共26层)|2009年建板楼  
延吉东路131弄 1室1厅 175万|175|32|延吉东路131弄|1室1厅|高楼层(共6层)|1987年建板楼  
好楼层，好户型，好地段，低总价，满五唯一，看房随时|635|106|众和金融大厦|2室1厅|中楼层(共28层)|1998年建板楼  
顶楼复式，挑空客厅，学籍未用，付款方式好价格有空间|1250|148|公园3000黄兴花园|5室2厅|高楼层(共11层)|2003年建板楼  
全新未入住，买房送产权车位，全明户型，诚意出售|1350|163|加州水郡|3室2厅|低楼层(共20层)|2010年建板楼  
婚房装修，房东看好一手房，诚意出售，随时签字|880|123|新江湾城雍景苑|3室2厅|低楼层(共11层)|2008年建板楼  
阳明新城+高区景观+正看东方明珠+业主诚售+有钥匙|570|74|阳明新城|2室1厅|中楼层(共35层)|塔楼  
精巧小两室  中原路国和路位置  生活设施方便|288|56|国和苑|2室1厅|高楼层(共6层)|1997年建板楼  
成熟社区+得房率高+小三房+三十平花园|670|93|长阳新苑|3室2厅|低楼层(共6层)|1998年建板楼  
此房满五年不唯一 采光不挡 有钥匙随时看房|730|97|韵都城|2室2厅|低楼层(共17层)|2007年建板楼  
一梯两户梦想小三房  湿地走廊旁 看房全天候电话联系|922|123|新江湾城雍景苑|3室2厅|中楼层(共11层)|2008年建板楼  
佳龙花园，南北通透，高品质小区。|730|95|佳龙花园|2室2厅|低楼层(共18层)|2004年建板楼  
12年次新小区、满五唯一 齐/一 渔人码头、江浦公园|748|85|圣骊河滨苑|2室1厅|低楼层(共31层)|2012年建板楼  
三门路358弄 2室1厅 305万房主自荐|305|60|三门路358弄|2室1厅|高楼层(共7层)|1994年建板楼  
小区中间位置 正看花园水景 满5送车位 随时看|1080|135|涵碧景苑|3室2厅|低楼层(共11层)|2008年建板楼  
中环和润苑 2室1厅 470万|470|68|中环和润苑|2室1厅|中楼层(共30层)|板楼  
市光二村 2室1厅 355万|355|67|市光二村|2室1厅|中楼层(共18层)|1997年建塔楼  
汇元坊 3室2厅 920万|920|119|汇元坊|3室2厅|中楼层(共7层)|2002年建板楼  
合生江湾国际公寓2室2厅1卫，房子保养好，满五唯一|730|104|合生江湾国际公寓|2室2厅|中楼层(共14层)|2007年建板楼  
独立电梯 一梯一户 满五年送车位 楼层好 采光无遮挡|1600|180|泰宝华庭(公寓)|4室2厅|高楼层(共6层)|2011年建板楼  
钥匙房+满五唯一+电梯房+黄兴公园+大润发+边套全明|898|131|汇元坊|3室2厅|高楼层(共7层)|2002年建板楼  
和平花苑2室+近校区+紧靠和平公园+双轨交通8/10|600|90|和平花苑|2室1厅|低楼层(共34层)|1997年建塔楼  
加州水郡 3室2厅 1150万|1150|161|加州水郡|3室2厅|低楼层(共20层)|2010年建板楼  
满五唯一，楼层视野宽阔，双南大两房！配套设施齐全！|385|81|宏翔公寓|2室1厅|高楼层(共6层)|1999年建板楼  
一手动迁 免增值税 11年小区 地下车库 楼层佳 采光好|330|69|城市方园|2室1厅|中楼层(共34层)|2011年建板楼  
正规复试5楼复6楼再送阁楼露台，南北通户型，拎包入|665|99|鞍山三村|3室2厅|高楼层(共5层)|2002年建板楼  
11年次新小区，有地下车库，停车方便，随时可看|345|69|城市方园|2室1厅|中楼层(共34层)|2011年建板楼  
星洲城三期+满五唯一+随时可看房+南北通两房+降价出售|755|95|现代星洲城|2室2厅|低楼层(共14层)|2005年建板楼  
控江西三村 2室1厅 245万|245|45|控江西三村|2室1厅|中楼层(共5层)|2004年建板楼  
小两房，楼层好有钥匙看房方便，价格可谈业主诚心出售|440|62|明月坊|2室1厅|高楼层(共34层)|2013年建塔楼  
满五年唯一，全明户型，，自住保养较好,诚心出售房主自荐|345|69|永吉路97弄|2室1厅|高楼层(共7层)|1993年建板楼  
满五年唯一 高层电梯 南北通透 两南一北 采光无遮挡|990|136|浦江风景苑|3室2厅|高楼层(共18层)|2003年建板楼  
业主诚意 价格好谈 看房方便 经典双南两房 户型正气|780|98|上海大花园|2室2厅|高楼层(共16层)|2001年建板楼  
公园3000黄兴花园 2室2厅 820万|820|99|公园3000黄兴花园|2室2厅|中楼层(共11层)|2003年建板楼  
仁恒高区大平层，满五年唯一，税少 对口上音  带车位|1880|197|仁恒怡庭|4室2厅|中楼层(共7层)|2011年建板楼  
佳龙花园毛坯三房节省装修拆除费用|1050|119|佳龙花园|3室2厅|低楼层(共14层)|2005年建板楼  
房东诚心出售，满五唯一.板式户型|750|94|书香银苑|2室2厅|高楼层(共8层)|2009年建板楼  
精致小户型，可改三房，配套齐全，总价低|455|65|明月坊|2室1厅|高楼层(共34层)|2013年建塔楼  
东岸新里 次新小区 2013年 南北户型 小区环境好|530|75|东岸新里|2室1厅|高楼层(共18层)|2011年建板楼  
申泉小区 2室1厅 408万|408|61|申泉小区|2室1厅|中楼层(共7层)|1995年建板楼  
双南两房+近地铁+楼层佳+随时看房+有钥匙|680|88|珠江香樟园|2室2厅|高楼层(共17层)|2003年建板楼  
电梯+总价低+两房朝南+采光好！|490|71|铁岭大楼|2室1厅|低楼层(共18层)|1994年建塔楼  
世和园 1室1厅 352万|352|53|世和园|1室1厅|低楼层(共17层)|2003年建板楼  
11年次新小区，小三房，全明户型|470|87|城市方园|3室1厅|中楼层(共33层)|2011年建板楼  
家乐福，8.10号地铁站，菜市场商圈，二师|415|40|密云小区|1室1厅|高楼层(共6层)|1985年建板楼  
一房一厅南北通户型采光好通风佳楼层好可改动。|198|41|开鲁一村|1室1厅|高楼层(共6层)|1992年建板楼  
降价出售，品质不降！加州全新四房送车位，房型正气|1850|223|加州水郡|4室2厅|低楼层(共19层)|2010年建板楼  
新出电梯房，婚房装修，满五唯一，家具家电全送！房主自荐|450|63|密云小区|1室1厅|中楼层(共18层)|1989年建塔楼  
内环内+满五唯一+近地铁12/18号线+卖的就是地段|480|70|金鹏花园|2室1厅|低楼层(共24层)|1998年建塔楼  
金鹏花园 满五唯一 内环内公园与地铁氧气充足绚丽美景房主自荐|663|101|金鹏花园|3室2厅|低楼层(共24层)|1998年建塔楼  
钥匙在手，双南带阳台，随时看房，诚心出售.|315|53|友谊新村|2室0厅|高楼层(共6层)|1985年建板楼  
低楼层，精装修，南北通风，东山墙全明，近地铁8号线|250|45|长海一村|1室1厅|低楼层(共6层)|1994年建板楼  
国和一村 1室1厅 240万|240|40|国和一村|1室1厅|中楼层(共6层)|1993年建板楼  
送花园+东边套全明+近江浦公园站+两房朝南采光无影响|618|88|万登花苑|2室2厅|低楼层(共6层)|1997年建板楼  
带租赁车位，双南一北，厅南北通透，房间宽敞采光明亮|1180|127|紫罗兰家苑|3室2厅|高楼层(共17层)|2005年建板楼  
新江湾佳苑 3室1厅 720万|720|86|新江湾佳苑|3室1厅|低楼层(共8层)|2009年建板楼  
控江东三村 2室1厅 285万|285|46|控江东三村|2室1厅|高楼层(共6层)|1993年建板楼  
低密度 精装修适用三房 满五唯一 小区花园位置|720|86|新江湾佳苑|3室2厅|低楼层(共8层)|2009年建板楼  
文化佳园 4室2厅 1098万|1098|143|文化佳园|4室2厅|高楼层(共11层)|2002年建板楼  
朝北一室户,麻雀虽小五脏俱全,出门地铁菜市场五角场|130|25|控江四村|1室0厅|中楼层(共4层)|1956年建板楼  
高区景观3房，三开间朝南，满五唯一，免个税近30万|1380|164|加州水郡|3室2厅|中楼层(共19层)|2010年建板楼  
东上海，近五角场大润发，商圈成熟，电梯房，诚意出售房主自荐|690|100|东上海中心|3室2厅|低楼层(共24层)|2008年建板楼  
佳龙花园品质小区精装修两房南北通透|718|90|佳龙花园|2室2厅|低楼层(共14层)|2004年建板楼  
次顶楼、蝴蝶户型、全明通透、一梯两户、可做四房|650|135|宏翔公寓|3室2厅|高楼层(共7层)|1999年建板楼  
控江绿苑 1室1厅 205万|205|42|控江绿苑|1室1厅|低楼层(共6层)|1983年建板楼  
旁边理工+宋庆龄基金会幼儿园+配套完善+近地铁采光足|182|31|延吉四村|1室1厅|高楼层(共6层)|1985年建板楼  
皇朝新城 2室2厅 818万|818|127|皇朝新城|2室2厅|低楼层(共26层)|2004年建塔楼  
房型正气 双南户型 满五唯一 诚心出售|265|54|殷行路301弄|2室1厅|高楼层(共6层)|1996年建板楼  
安波路200弄 精装修 高楼层 采光好 视野好 无遮挡房主自荐|685|104|安波路200弄|3室2厅|高楼层(共6层)|1999年建板楼  
一手动迁免增值税，大面积两房，超大客厅居住舒适度高|540|113|城市名园|2室2厅|中楼层(共30层)|2005年建板楼  
满五年唯一，双南双阳台，送20平天井，近地铁8号线|320|58|民欣苑|2室1厅|低楼层(共6层)|1998年建板楼  
城市方园 2室1厅 350万|350|70|城市方园|2室1厅|低楼层(共33层)|2011年建板楼  
大三房，得房率高，双飘窗双阳台，楼层好，诚心出售。|1000|134|嘉禄新苑|3室2厅|高楼层(共7层)|2002年建板楼  
安图新村 2室1厅 345万|345|58|安图新村|2室1厅|中楼层(共5层)|1990年建板楼  
内环内 一梯两户 中区楼层 南北通透 精致装修拎包入住|446|64|百兴花园|2室1厅|中楼层(共6层)|1997年建板楼  
精装小三房！景观楼层、近地铁、近新江湾城公园、急售|1000|100|绿地海珀璞晖|3室2厅|中楼层(共18层)|2014年建塔楼  
控江路645弄南北两房一厅 有钥匙随时可看|335|60|控江路645弄|2室1厅|低楼层(共6层)|1984年建板楼  
东方名园 2室1厅 838万|838|91|东方名园|2室1厅|中楼层(共11层)|2003年建板楼  
满五唯一，南北板式户型，小区总价低两房，随时看房！|730|85|公园3000黄兴花园|2室2厅|中楼层(共5层)|2002年建板楼  
总价便宜，朝南一室一厅，适合老人居住，低楼层|175|34|控江西三村|1室1厅|中楼层(共5层)|2004年建板楼  
满五唯一 厅房同宽 楼层好 小区稀 缺型房源|225|41|市光四村|1室1厅|低楼层(共6层)|1992年建板楼  
满五唯一，地铁8号线18号线就在边上100米，中高区楼层|840|100|华升新苑|2室2厅|中楼层(共14层)|2005年建板楼  
4楼精装一室一厅，拎包入住，近地铁，满五唯一。|240|38|辽源三村|1室1厅|中楼层(共6层)|1987年建板楼  
满五年唯一，钥匙房，近地铁3号线江湾镇，价到签字|175|29|逸仙路773弄|1室0厅|高楼层(共6层)|1981年建板楼  
前后无遮挡，采光好，中间楼层，看房有钥匙|880|120|佳泰花园|3室2厅|中楼层(共11层)|2001年建板楼  
满五年唯一客厅主卧朝南，次卧朝北，精装（看房方便）|930|119|现代星洲城|3室2厅|低楼层(共16层)|2003年建板楼  
主卧朝南+厅朝南+采光充足+交通便利+生活设施齐全|570|93|眉州坊|2室2厅|中楼层(共6层)|1997年建板楼  
中通雅苑 2室2厅 830万|830|95|中通雅苑|2室2厅|中楼层(共16层)|2003年建板楼  
南北通，单价低，两房朝南，阳光充足，看房联系维护人|1010|146|上海大花园|3室2厅|低楼层(共13层)|2004年建板楼  
满五年唯一，精装修可以拎包入住，业主诚心卖价钱可谈|325|59|民星二村|2室1厅|低楼层(共6层)|1990年建板楼  
降价20万满五唯一，楼层佳位置好，地铁8号线诚意出售|630|113|宏翔公寓|3室2厅|中楼层(共7层)|1999年建板楼  
带阁楼，小区中间位置，小区环境好，满五唯一，诚售|680|93|佳泰花园|2室2厅|高楼层(共6层)|2000年建板楼  
市光四村双楠两房 近地铁8号线市光路站，房东诚心出售|335|62|市光四村|2室1厅|高楼层(共6层)|1993年建板楼  
双南两房全明，满五唯一税少，地铁8号线黄兴公园|410|70|翔顺公寓|2室1厅|高楼层(共6层)|1997年建板楼  
三湘三期户型正气、带25平方花园 单价低，房龄新，|655|101|三湘世纪花城三期|2室2厅|低楼层(共12层)|2003年建板楼  
建工大楼 2室2厅 630万房主自荐|630|88|建工大楼|2室2厅|高楼层(共12层)|1987年建板楼  
市光一村，双南全明户型，正厅12平，楼层佳，诚意出售|355|59|市光一村|2室1厅|低楼层(共6层)|1989年建板楼  
水月坊 2室1厅 475万|475|70|水月坊|2室1厅|高楼层(共28层)|2011年建塔楼  
《中间位置》《房东诚意》《视野和采光好》|990|127|上海大花园|3室2厅|高楼层(共18层)|2003年建板楼  
满五唯一无个.税++无抵押+带花园+居家精装房主自荐|780|102|公园3000黄兴花园|2室2厅|低楼层(共6层)|2003年建板楼  
此房满五年唯一税费少、花园洋房、配套齐全、诚意出售|1199|140|仁恒怡庭|2室2厅|低楼层(共4层)|2011年建板楼  
小区花园位置，中间楼层，满五税费少，复旦科技园|590|82|新江湾时代花园|2室1厅|中楼层(共5层)|2000年建板楼  
满五唯一，诚心出售，近地铁，中原城市广场，湿地公园|315|65|民京路837弄|2室1厅|中楼层(共7层)|1997年建板楼  
南北正气2房  售后公房税少 业主委托恩阁 诚意出售|280|56|三门路358弄|2室1厅|中楼层(共7层)|1994年建板楼  
上等房源，品质生活，近12号线地铁，看中欢迎来电|630|92|中轩丽苑|2室2厅|中楼层(共17层)|2005年建板楼  
近五角场 99年次新小区 双南两房 正气房型|465|70|椰泰公寓|2室1厅|中楼层(共7层)|1999年建板楼  
凤城二村 南北两房 总价低 楼层好 近紫荆广场|280|52|凤城二村|2室1厅|低楼层(共6层)|1981年建板楼  
业主自住、格局楼层好、视野宽阔、交通便利|498|78|申通公寓|2室1厅|低楼层(共24层)|1996年建塔楼  
近渔人码头  滨江景观带、交通方便|570|77|凯达苑|2室1厅|低楼层(共6层)|1997年建板楼  
满五唯一 交通便利 多路公交 配备齐全 到家签字|280|56|市光三村|2室1厅|中楼层(共6层)|1995年建板楼  
小区户型最.好 满五唯一 个税免征  看房提前预约|628|84|和平花苑|2室1厅|高楼层(共34层)|1997年建塔楼  
精装好房  房子新做婚房的不二选择  买进拎包入住房主自荐|388|56|明月坊|1室2厅|低楼层(共28层)|2013年建塔楼  
长阳新苑小户型2房，全明，看房方便，南北|610|75|长阳新苑|2室1厅|中楼层(共7层)|1998年建板楼  
延吉三村 2室1厅 310万|310|50|延吉三村|2室1厅|中楼层(共6层)|1983年建板楼  
房型正气+交通方便+精装修+地铁10号线国权路站|315|49|铁路新村(杨浦)|2室1厅|高楼层(共6层)|1985年建板楼  
卧室朝南，房型正气，楼层好，采光充足 钥匙房|215|41|开鲁六村|1室1厅|中楼层(共6层)|1989年建板楼  
中环和润苑 1室2厅 465万|465|67|中环和润苑|1室2厅|中楼层(共32层)|2013年建板楼  
三门路510弄 2室1厅 320万|320|64|三门路510弄|2室1厅|高楼层(共7层)|1991年建板楼  
北茶园 1室1厅 290万房主自荐|290|42|北茶园|1室1厅|高楼层(共6层)|1997年建板楼  
浣纱四村 近地铁 近公园 双南好户型！业主诚心出售！房主自荐|508|79|浣纱四村|2室2厅|高楼层(共6层)|1997年建板楼  
四平路8号10号二师密云小区家乐福曲阳医院电影院和平|550|72|冶金公寓|2室2厅|低楼层(共20层)|1989年建塔楼  
边套全明户型，采光和通风全天充足。有钥匙看房方便。|380|55|沧州路180弄|2室1厅|高楼层(共6层)|1987年建板楼  
内环内 对口同济 总价低 诚意出售！|330|47|铁岭路10弄|1室1厅|高楼层(共6层)|1995年建板楼  
电梯四房，顶楼复式，卧室全南，附赠露台，有地下车位|1450|190|文化佳园|4室3厅|高楼层(共8层)|2002年建板楼  
精装修三房，售后公房无增值税，近地铁，近黄兴公园|530|91|怡佳苑|3室1厅|中楼层(共7层)|1994年建板楼  
中区景观房，满五唯一，南北通透，学籍未用，一梯两户|850|98|公园3000黄兴花园|2室2厅|中楼层(共11层)|2003年建板楼  
房子复式结构，采光好，满五唯一，附带赠送车位一个,房主自荐|1099|155|创智坊(公寓)|3室2厅|中楼层(共8层)|2006年建板楼  
双南一北全明大三房 户型正气采光无遮挡 小区花园位置|870|131|明和苑|3室2厅|低楼层(共9层)|2003年建板楼  
近地铁8号线翔殷路站交通便利 杨浦xiaoxue|730|98|兰馨苑(杨浦)|2室2厅|高楼层(共6层)|2002年建板楼  
房东诚意卖，浣纱雅苑03年商品房，南北两房，装修好|670|94|浣纱六村|2室2厅|中楼层(共6层)|2003年建板楼  
鞍山五村 1室1厅 310万|310|44|鞍山五村|1室1厅|中楼层(共5层)|板楼  
满5唯一 高区视野好 采光好 业主诚意卖|850|99|涵碧景苑|2室2厅|高楼层(共11层)|2008年建板楼  
近地铁12号 两南一北 满五 次新小区 双休可以看房|835|115|荣丰花园|3室2厅|中楼层(共6层)|2001年建板楼  
双轨交通+精装全配+配套齐全+南北通透+江浦公园|235|36|长眉小区|1室1厅|中楼层(共7层)|1994年建板楼  
内环内滨江板块，满五唯一，全面江景近渔人码头随时看|715|79|圣骊河滨苑|2室2厅|高楼层(共22层)|2012年建板楼  
交通方便，配套齐全，6楼的4楼，还等什么？|480|56|打虎山路84弄|2室0厅|中楼层(共6层)|1985年建板楼  
2006年次新房+2梯三户+地下产权车位+南北板式房+2卫|900|121|泰鸿新苑|2室2厅|低楼层(共14层)|2006年建板楼  
鞍山路215弄 1室0厅 255万|255|34|鞍山路215弄|1室0厅|低楼层(共5层)|1972年建板楼  
顶楼复式采光好，近12号线江浦公园站，房东诚意出售|780|143|万登花苑|4室2厅|高楼层(共6层)|1997年建板楼  
之前大半年房东不在这边，现在有钥匙随时看，售后公房|314|55|国定路600弄|2室1厅|高楼层(共6层)|1985年建板楼  
紧 邻湿地公园 有钥匙 学 区名 额可用   精装修|630|85|新江湾城雍景苑|2室1厅|低楼层(共11层)|2008年建板楼  
双轨交互，双南户型可改三房，采光好，婚房装修随时看|660|102|丹江新苑|2室1厅|中楼层(共23层)|2003年建板楼  
带地下产权车位，满五唯一、高区非顶楼、视野开阔|910|129|黄兴绿园|3室2厅|高楼层(共14层)|2005年建板楼  
伊东苑 2室2厅 720万|720|90|伊东苑|2室2厅|低楼层(共6层)|1999年建板楼  
婚房装修，地铁口，双南全明，商超便利，近复旦财大|440|78|仁德路67弄10支弄|2室1厅|高楼层(共6层)|1997年建板楼  
长恒苑 3室2厅 760万|760|116|长恒苑|3室2厅|中楼层(共6层)|1999年建板楼  
满五年唯一，楼层高，采光充足，诚意出售|192|40|殷行路301弄|1室1厅|高楼层(共6层)|1997年建板楼  
总价低，看房方便，房东诚意出售，价格可以谈，税少房主自荐|380|62|鞍山六村|2室1厅|高楼层(共6层)|1964年建板楼  
全明户型，景观佳，私密性好，无户口送大露台+太阳能|1450|169|香阁丽苑|6室3厅|高楼层(共13层)|2004年建板楼  
满五唯一 户口一个，产权人一个， 大一房一室半户|253|52|三门路510弄|1室2厅|高楼层(共6层)|1991年建板楼  
海上硕和城 南北大2房 有车位 诚意出售 价格面谈|935|108|海上硕和城|2室2厅|中楼层(共18层)|2008年建板楼  
双南户型，厅朝北，复试三房，光线佳|860|124|银河经典苑|3室2厅|高楼层(共6层)|1999年建板楼  
福阳大厦 3室1厅 630万|630|104|福阳大厦|3室1厅|中楼层(共26层)|2003年建塔楼  
小俩房  近地铁  打一     自主  租金高|642|85|和平花苑|2室2厅|低楼层(共34层)|1997年建塔楼  
11年次新小区 有地下车库 两房朝南 看房有钥匙|330|71|城市方园|2室1厅|低楼层(共34层)|2011年建板楼  
国中公寓 3室2厅 958万|958|197|国中公寓|3室2厅|低楼层(共28层)|1998年建塔楼  
电梯两房，南北全明户型，位置安静，黄兴公园|520|75|东岸新里|2室1厅|中楼层(共13层)|2011年建板楼  
双南户型 婚房装修 业主急卖 房子前面无遮挡 楼层好|335|47|兰花新村|2室1厅|中楼层(共6层)|1982年建板楼  
一梯两户，中间楼层，采光很好，配套完善，诚意出售房主自荐|342|59|怡佳苑|2室1厅|中楼层(共7层)|1994年建板楼  
城市名园 2室2厅 530万|530|113|城市名园|2室2厅|中楼层(共30层)|2005年建板楼  
时代3房，顶楼复式，送阁楼，满五年唯一，诚意出售|610|85|新江湾时代花园|3室2厅|高楼层(共6层)|2000年建板楼  
明月坊 2室1厅 480万房主自荐|480|64|明月坊|2室1厅|中楼层(共34层)|2013年建塔楼  
此房满五年唯一，全明户型， 房东诚意出售。|232|42|辽源三村|1室1厅|中楼层(共6层)|1986年建板楼  
佳龙花园 2室2厅 756万|756|101|佳龙花园|2室2厅|中楼层(共11层)|2005年建板楼  
此房满五唯一，楼层好，二房二厅，南北通全明。|790|100|耀浦苑|2室2厅|中楼层(共7层)|1999年建板楼  
三房一卫（两房间朝南，一房间朝北）客厅朝南带阳台|980|126|现代星洲城|3室2厅|高楼层(共18层)|2003年建板楼  
感受复旦的文化气息、近十号线国权路一梯两户得房率高|430|70|政熙路68弄|2室1厅|高楼层(共7层)|1994年建板楼  
价格不是成交障碍！喜欢就看过来！|770|116|华升新苑|2室2厅|低楼层(共17层)|2001年建板楼  
楼层好，采光无遮拦，有钥匙，看房方，诚意出售.|328|49|鞍山三村|1室1厅|中楼层(共6层)|2001年建板楼  
户型正气采光好精装修满五唯一诚意出售|400|71|市光二村|2室2厅|中楼层(共18层)|1993年建塔楼  
小区中间位置 双南一北全明 精装修 厅南北通|850|115|兰馨雅苑|3室2厅|高楼层(共6层)|2003年建板楼  
单价低！总价低！大一房，近地铁8号线，满五年税费少|215|48|中原纪联小区|1室1厅|低楼层(共6层)|1996年建板楼  
和平花苑2室2厅+精装修+紧靠和平公园+双轨交通8/10|590|85|和平花苑|2室2厅|中楼层(共34层)|1997年建塔楼  
鞍山四村第三小区 1室0厅 190万房主自荐|190|28|鞍山四村第三小区|1室0厅|高楼层(共5层)|1989年建板楼  
申润江涛苑 2室1厅 565万|565|72|申润江涛苑|2室1厅|高楼层(共6层)|2008年建板楼  
诚售+地铁房+单价低+满五唯一+看房方便|560|107|市益大楼|2室2厅|低楼层(共17层)|1998年建塔楼  
次新小区，一楼送花园有钥匙，配套实施齐全，诚心出售|405|59|文化名园|2室1厅|低楼层(共6层)|2003年建板楼  
南北通户型，一梯两户，采光无遮挡，东外滩板块|698|93|嘉禄公寓|2室2厅|中楼层(共6层)|1999年建板楼  
此房满五唯一，内环内，电梯房。次新小区电梯房，|300|74|中通大厦|1室1厅|高楼层(共29层)|1997年建塔楼  
精装修 满五唯一 看房提前预约|970|197|国中公寓|3室2厅|高楼层(共28层)|1998年建塔楼  
满五年唯一，一室半户型。出门欧尚紧靠地铁，诚心出售|225|42|市光一村|1室1厅|高楼层(共6层)|1988年建板楼  
浣沙三村 2室1厅 375万|375|64|浣沙三村|2室1厅|高楼层(共6层)|1995年建板楼  
翔顺公寓，满五唯一，装修很不错，全面户型，诚意出售|409|69|翔顺公寓|2室1厅|高楼层(共6层)|1997年建板楼  
次顶楼单价低，诚心出售。地铁3号线江湾镇和18号线|670|124|建设公寓|3室2厅|高楼层(共6层)|1999年建板楼  
双花公寓 2室1厅 430万|430|64|双花公寓|2室1厅|高楼层(共19层)|1991年建塔楼  
双南边套全明户型 厅亮 性价 比高|288|57|市光四村|2室1厅|高楼层(共6层)|1991年建板楼  
朝南全明户型，小区内在卖的一房找不到第二个，总价低|600|71|创智坊(公寓)|1室2厅|低楼层(共11层)|2010年建板楼  
黄兴雅苑 3室2厅 920万|920|129|黄兴雅苑|3室2厅|中楼层(共13层)|2003年建板楼  
上海大花园 双耳两房南北通 位置安静好成眠 看房便利|830|109|上海大花园|2室2厅|低楼层(共11层)|2001年建板楼  
珠江香樟南园 3室2厅 980万|980|123|珠江香樟南园|3室2厅|中楼层(共24层)|2004年建板楼  
房型正气，两房朝南，繁华地段，近地铁8号线房主自荐|375|70|民星路568弄|2室1厅|高楼层(共6层)|1997年建板楼  
翔殷四村 2室1厅 378万|378|64|翔殷四村|2室1厅|高楼层(共6层)|1997年建板楼  
佳龙花园 2室1厅 760万|760|98|佳龙花园|2室1厅|高楼层(共11层)|2004年建板楼  
满五唯一，板式三房！南北通透！靠.近地铁|795|110|长阳新苑|3室2厅|高楼层(共6层)|1998年建板楼  
送露台，俯瞰高尔夫球场，精装复式，满五少税，近万达|1230|144|香阁丽苑|4室2厅|高楼层(共5层)|2004年建板楼  
精装修三房，西山墙全明户型，满五年唯一，诚意出售房主自荐|438|77|怡佳苑|3室1厅|中楼层(共7层)|1994年建板楼  
两房朝南 南北通 户型正 双天井 边套 地铁100米 六一|610|87|政通路100弄|3室1厅|低楼层(共7层)|1998年建板楼  
价格便宜！97年电梯房，税费少，拎包入住，看房方便|355|73|平凉小区|2室1厅|低楼层(共19层)|1997年建塔楼  
城市庭园 2室1厅 550万|550|91|城市庭园|2室1厅|低楼层(共18层)|2008年建板楼  
工农三村少有户型 精装百姓装潢 楼层佳 采光好|390|79|工农三村|2室1厅|低楼层(共6层)|1990年建板楼  
明丰阳光苑  看房有钥匙《9楼》一梯二户《板式房型》|950|135|明丰阳光苑|3室2厅|中楼层(共14层)|2003年建板楼  
阳明新城+高区+品质小区+业主诚意出售+看房方便|530|66|阳明新城|2室2厅|中楼层(共35层)|1997年建塔楼  
电梯两房+可改三房+全明户型+到价可签|730|116|东方文苑|2室2厅|低楼层(共11层)|2002年建板楼  
05年次新小区、精装两房、随时可看房详情致电维护人|650|82|恒阳花苑|2室2厅|中楼层(共27层)|2005年建板楼  
中轩丽苑 2室2厅 700万|700|94|中轩丽苑|2室2厅|中楼层(共14层)|2004年建板楼  
时代正气南北2房+全明户型+一楼带院子+税费少|570|81|新江湾时代花园|2室2厅|低楼层(共6层)|2000年建板楼  
书香门第 买房不能犹豫 犹豫就会错过了|850|124|才茂公寓|3室2厅|低楼层(共22层)|1997年建塔楼  
到地铁426米厅主卧朝南电梯房精装修拎包入住电梯房|780|101|宁阳福邸|3室2厅|高楼层(共18层)|2010年建板楼  
业主急售、价格好谈、满五唯一、拎包入住。特诚意|398|71|翔顺公寓|2室1厅|高楼层(共6层)|1997年建板楼  
宁国路地铁站，内环高架，配套齐全，商圈成熟|420|134|中通大厦|3室2厅|中楼层(共29层)|1997年建塔楼  
南北通透+一梯2户+送60平大露台+精装修+拎包入住|720|119|辽源一村|3室2厅|高楼层(共6层)|板楼  
市光一村 2室1厅 309万|309|57|市光一村|2室1厅|高楼层(共6层)|1989年建板楼  
精装修+拎包入住+南北通透+全明户型+置换诚售房主自荐|800|114|恒阳花苑|3室2厅|低楼层(共28层)|2007年建板楼  
市光一村 3室1厅 365万|365|71|市光一村|3室1厅|高楼层(共6层)|1987年建板楼  
满五年唯一，带天井，交通便利，板块成熟。|328|48|鞍山四村第一小区|1室1厅|低楼层(共6层)|1979年建板楼  
8号地铁直达+6复7楼带阁楼+紫金广场+得房率90%|650|107|控江路1455弄|4室2厅|高楼层(共6层)|2003年建板楼  
复旦大学，大平层，户型好，看房子方便|1425|181|泰宝华庭(公寓)|4室2厅|低楼层(共6层)|2011年建板楼  
内环高区电梯房+双南方正+近紫荆广场+近新华医院|695|108|华升公寓|3室2厅|高楼层(共34层)|1997年建板楼  
得房率高有天井+地铁房+闹中取静+全明户型|280|41|幸福公寓|1室1厅|低楼层(共7层)|1994年建板楼  
次新房龄，带电梯，边套全明，总价低单价低，诚心出售|470|90|松花江路105号|2室2厅|高楼层(共20层)|2000年建塔楼  
有产权车位+南北通精装修+赠送地下储藏室+地铁大三房|1090|130|紫罗兰家苑|3室2厅|低楼层(共17层)|2005年建板楼  
满五年唯一 房型正气  全明户型 固定车位  采光充足|420|68|城市庭园|1室1厅|高楼层(共24层)|2008年建板楼  
改善型三房，五角场地段，楼层好，景观房，满五唯一！|760|111|怡福苑|3室2厅|中楼层(共23层)|2005年建塔楼  
售后公房+采光无遮挡+全明户型|535|77|海鸿公寓|2室1厅|中楼层(共6层)|1996年建板楼  
满五唯一税少 房东诚心出售 价格可谈 看房方便|1720|228|仁恒怡庭|5室3厅|低楼层(共14层)|2011年建板楼  
内环内滨江板块+花园位置+婚房装修+二梯队QI一+随时看|715|79|圣骊河滨苑|2室2厅|低楼层(共17层)|2009年建板楼  
边套全明 3楼 地铁800米 满五唯一 61 售后公房房主自荐|430|67|国和路429号|2室1厅|中楼层(共6层)|1995年建板楼  
内江二村南北全明两房 售后公房 税费少 随时看|445|86|内江二村|2室1厅|高楼层(共24层)|1989年建塔楼  
次新小区 精装修3房 近五角场 财大校区|760|91|合生江湾国际公寓|3室2厅|中楼层(共18层)|2012年建板楼  
2009年电梯洋房+精装修+双轨交通+楼层好|710|85|新江湾佳苑|2室2厅|中楼层(共8层)|2009年建板楼  
现在的市场，价格就是你说了算，还在犹豫什么|460|85|海鹏花苑|2室1厅|低楼层(共24层)|1997年建塔楼  
此房满二，税费少，业主出国，，出售此房，看房便利|820|87|保利维拉家园|3室2厅|高楼层(共7层)|2011年建板楼  
安居花苑 2室1厅 518万|518|92|安居花苑|2室1厅|低楼层(共19层)|1999年建板楼  
2006年品质小区  满五不唯一  近地铁 业主诚心出售|710|104|泰鸿新苑|2室2厅|低楼层(共17层)|2006年建板楼  
宝立公寓 2室1厅 516万房主自荐|516|72|宝立公寓|2室1厅|高楼层(共6层)|1998年建板楼  
成熟社区正气南北4房+满五唯一+附赠阁楼+看房有钥匙！|670|97|新江湾时代花园|4室2厅|高楼层(共6层)|2000年建板楼  
国顺路400弄 1室1厅 229万|229|38|国顺路400弄|1室1厅|低楼层(共6层)|1982年建板楼  
.近东外滩的标志建筑渔人码头。地铁4号杨树浦路|718|123|海鹏花苑|3室2厅|低楼层(共24层)|1997年建塔楼  
多层高得房率+顶楼复式+户型方正+采光好+诚意出售|850|141|富天苑|3室2厅|高楼层(共6层)|2001年建板楼  
五年唯一，一房朝南，一房朝东，没有遮挡|560|92|益民小区|2室1厅|低楼层(共24层)|1999年建塔楼  
房型板正，精致装修，10号线国权路站，得房率高|305|48|国顺路375弄|2室0厅|高楼层(共6层)|1986年建板楼  
满五唯一，诚心出售，近地铁，中原城市广场，湿地公园|360|71|民京路837弄|2室1厅|高楼层(共6层)|1997年建板楼  
联升大厦，电梯房，内环内，诚意卖|660|118|联升大厦|2室2厅|低楼层(共27层)|2000年建塔楼  
一梯两户，户型正气，房东诚意出售，价格可谈|600|110|浣纱六村|3室2厅|高楼层(共7层)|1996年建板楼  
近五角场商圈+采光好+单价低+诚心出售|339|53|铁路新村(杨浦)|2室1厅|高楼层(共6层)|1986年建板楼  
12号线+平改坡可复试+售后公房满五+1T2户得房率高|430|75|舒兰公寓|2室1厅|高楼层(共7层)|1999年建板楼  
地铁交通便利 装修清爽 南北通风 采光优|225|35|延吉七村|1室1厅|高楼层(共6层)|1986年建板楼  
满五唯一，南北通透，楼层好，产权清晰，自带天井|305|67|工农二村|2室1厅|低楼层(共16层)|1991年建塔楼  
全明户型，精装修，拎包入住，看房预约，房东诚意出售|490|76|建信大楼|2室1厅|低楼层(共18层)|1992年建塔楼  
品质小区 高区采光好  次新房 紧靠地铁 交通方便房主自荐|635|78|泰鸿新苑|1室2厅|高楼层(共14层)|2006年建板楼  
控江四村 2室1厅 330万|330|56|控江四村|2室1厅|高楼层(共6层)|1985年建板楼  
闹中取静，房龄新，环境好，双天井，业主诚意|540|89|工农四村星源花苑|2室1厅|低楼层(共6层)|1999年建板楼  
正气房型，交通方便，闹中取静.|295|60|开鲁二村|2室1厅|高楼层(共6层)|1991年建板楼  
楼层佳，诚意卖房，近地铁，随时好看|538|79|白洋淀绿苑|2室1厅|低楼层(共6层)|2000年建板楼  
满五唯一 房型正气 单价小区很低|200|43|市光四村|1室1厅|高楼层(共6层)|1995年建板楼  
地铁8号线+双南一北全明户型+售后公房税费少+看中可谈|500|100|开鲁四村|3室2厅|高楼层(共6层)|1990年建板楼  
售后公房，户型正气，采光好，房东诚意出售|345|74|民星路330弄|2室1厅|高楼层(共7层)|1996年建板楼  
恒阳花苑 3室2厅 950万|950|115|恒阳花苑|3室2厅|高楼层(共28层)|2007年建板楼  
市光二村 2室1厅 355万|355|63|市光二村|2室1厅|高楼层(共18层)|1992年建塔楼  
满五唯一(税费低)+看中可谈+小区进门位置+出行便利|830|95|合生高尔夫公寓|2室2厅|中楼层(共11层)|2010年建板楼  
南北房型，小区环境幽静，追求品质生活的您，值得拥有|1070|137|城市丽园|3室2厅|高楼层(共17层)|2005年建板楼  
小区绿化好，交通便利，生活配套齐全|1100|147|合生江湾国际公寓|3室2厅|低楼层(共17层)|2008年建板楼  
佳泰花园 5室3厅 1570万|1570|219|佳泰花园|5室3厅|高楼层(共11层)|2001年建板楼  
房型正气，楼层佳，诚心出售。。|1130|131|和平花苑|3室2厅|低楼层(共38层)|2005年建板楼  
满五唯一，普通住宅，1995年房龄，贷款没问题，|235|38|凤城五村|1室1厅|高楼层(共6层)|1995年建板楼  
小户型，双西南，精两房，交通便利|425|64|水月坊|2室1厅|中楼层(共28层)|2011年建塔楼  
次新房，满五税少，置换周期长，诚意出售，三房采光好|830|108|保利香槟苑|3室2厅|中楼层(共16层)|2008年建板楼  
皇朝新城 3室2厅 820万|820|134|皇朝新城|3室2厅|高楼层(共28层)|2002年建塔楼  
产证满2年，价格带产权车位、三房朝南厅南北通全明！|1500|166|华润置地橡树湾|3室2厅|中楼层(共21层)|2012年建板楼  
创智坊两室户，万达广场商圈，近大学路商街|700|91|创智坊(公寓)|2室2厅|高楼层(共10层)|2010年建板楼  
宝 地最诚信出售两房，位置好，楼层好，蓄势待发！|875|99|宝地东花园|2室2厅|中楼层(共26层)|2008年建板楼  
精装两房+采光充足+业主诚意出售+看房方便|760|83|华润置地橡树湾|2室2厅|高楼层(共16层)|2009年建板楼  
华润置地橡树湾 3室2厅 1250万|1250|173|华润置地橡树湾|3室2厅|低楼层(共16层)|2010年建板楼  
业主诚心出售，高区三房，一梯两户|1050|126|佳龙花园|3室2厅|高楼层(共14层)|2005年建板楼  
文化花园清华苑+南北板式+有钥匙+看房方便+近地铁|670|94|文化花园清华苑|2室2厅|中楼层(共11层)|2000年建板楼  
满五唯一，房东产权清晰无抵押，寻有缘人接手|980|135|新江湾城雍景苑|3室2厅|中楼层(共12层)|2006年建板楼  
毛坯房 房型正气 全南户型 前排采光充足|452|86|城市名园|1室2厅|高楼层(共30层)|2005年建板楼  
紧靠内环，新出笋盘，出门银行，欧尚，诚心出售|300|53|引翔港小区|2室1厅|高楼层(共6层)|1988年建板楼  
正气户型，交通方便，采光好，通透全明，精装修|709|100|中通公寓|2室2厅|高楼层(共22层)|2003年建板楼  
恒阳花苑 3室2厅 860万|860|106|恒阳花苑|3室2厅|高楼层(共28层)|2006年建板楼  
全明户型+采光无遮挡+电梯房+看房子方便|540|80|怡福苑|2室1厅|高楼层(共23层)|2005年建塔楼  
满二年，随时看房，中间楼层，阳光充足，社区活动多|400|37|密云小区|1室1厅|中楼层(共6层)|1986年建板楼  
打虎山路一，小，高楼层精装朝南一门关|265|36|鞍山五村|1室0厅|高楼层(共5层)|1995年建板楼  
凤城二村 满五唯一 中间楼层 近紫荆广场和8号江浦站|430|70|凤城二村|2室1厅|中楼层(共5层)|1999年建板楼  
地铁八号线+双南精装+低税房满五唯一+设施成熟房主自荐|322|59|国和一村|2室1厅|高楼层(共6层)|1993年建板楼  
房型正气 看房方便 次新小区 交通便利|710|115|长恒苑|3室2厅|高楼层(共6层)|1999年建板楼  
东外滩总价低三房,房型正气，看房方便，满五唯一|680|107|银鹿大厦|3室2厅|高楼层(共24层)|板楼  
满五唯一 税费少 单价低 打一房|230|36|鞍山六村|1室1厅|高楼层(共5层)|1964年建板楼  
台益公寓 4室1厅 690万|690|121|台益公寓|4室1厅|低楼层(共24层)|1998年建塔楼  
高区景观房+全明采光无遮挡+近地铁12号、8号+诚意出售|979|144|富天苑|3室2厅|高楼层(共11层)|2001年建板楼  
品质小区+繁华地段+采光好+配套城熟+房东急售|1355|219|莱茵半岛|6室2厅|高楼层(共6层)|2002年建板楼  
满五唯一，无全额增值税，无个税 ，配套齐全|840|146|国富苑|3室2厅|高楼层(共24层)|2000年建塔楼  
户型正气，采光好，楼层好，诚意出售。|410|74|市光二村|2室1厅|高楼层(共6层)|1994年建板楼  
双阳公寓 3室2厅 850万|850|134|双阳公寓|3室2厅|中楼层(共14层)|2001年建板楼  
小区安静 居住舒适 一梯两户 满五唯一 随时看|220|49|松花江路95弄|1室1厅|高楼层(共6层)|1998年建板楼  
南北板式户型+得房率高+适宜居住|650|101|海鹏公寓|2室2厅|中楼层(共7层)|1996年建板楼  
仁缘坊 1室2厅 400万|400|59|仁缘坊|1室2厅|高楼层(共6层)|2001年建板楼  
地铁口公园边， 精装修带车位 成熟品质小区，诚意出售|795|109|锦杨苑|2室2厅|中楼层(共23层)|2000年建塔楼  
铁路新村(杨浦) 2室1厅 335万|335|57|铁路新村(杨浦)|2室1厅|高楼层(共7层)|1985年建板楼  
南北通两房 满五唯一 业主诚意卖 看房方便|299|53|国和路611弄|2室1厅|高楼层(共6层)|1995年建板楼  
佳龙花园 3室2厅 968万|968|126|佳龙花园|3室2厅|低楼层(共14层)|2004年建板楼  
有天井等于免费附赠空间《不靠马路》价钱便宜诚意出售|260|52|世界路99弄|1室1厅|低楼层(共6层)|1995年建板楼  
香阁丽苑 2室2厅 820万|820|98|香阁丽苑|2室2厅|低楼层(共10层)|2004年建板楼  
银杨大厦 2室1厅 545万|545|110|银杨大厦|2室1厅|中楼层(共26层)|1995年建塔楼  
国和二村 1室1厅 215万|215|39|国和二村|1室1厅|低楼层(共6层)|1988年建板楼  
明和苑 位置好，楼层佳 房厅房 南北板式 诚心出售|930|135|明和苑|3室2厅|高楼层(共12层)|2003年建板楼  
毛坯小户 钥匙房可随时看 出行便利近地铁 白领的福音|165|36|市光四村|1室1厅|高楼层(共6层)|1993年建板楼  
动迁房免增值税，全南户型厨卫全明，前排不靠马路|340|69|城市方园|2室1厅|低楼层(共33层)|2011年建板楼  
水电新村 1室2厅 270万|270|57|水电新村|1室2厅|高楼层(共6层)|1994年建板楼  
宝钢又一村 精装全明 中高区采光好 诚意出售价格低|680|100|宝钢又一村|2室2厅|中楼层(共20层)|1999年建板楼  
合生四期，全南婚房装修，业主置换，诚意出售|700|99|合生江湾国际公寓|2室2厅|低楼层(共16层)|2012年建板楼  
采光全明 好房子 诚意出售，看房速联系|200|35|控江七村|1室1厅|中楼层(共5层)|1979年建板楼  
浣纱四村 2室1厅 340万房主自荐|340|59|浣纱四村|2室1厅|高楼层(共6层)|1995年建板楼  
双南两房，全明户型，采光无遮挡，诚意出售|670|86|恒阳花苑|2室2厅|低楼层(共25层)|2006年建板楼  
延吉六村，小区出门50米地铁8号线延吉中路站，南北套|299|50|延吉五村|2室1厅|中楼层(共6层)|1986年建板楼  
苏家屯路29弄、南北通、西边套全明、交通便捷、诚意售|315|44|苏家屯路29弄|1室1厅|低楼层(共6层)|1984年建板楼  
公交新村 2室0厅 385万房主自荐|385|51|公交新村|2室0厅|中楼层(共7层)|1994年建板楼  
采光佳 景观楼层 交通方便 房型正气 看房方便房主自荐|480|70|明昌公寓|2室1厅|高楼层(共24层)|1993年建塔楼  
满五年无个税，学，区未用，高楼层采光无遮挡，随时看|538|64|建德国际公寓|1室2厅|高楼层(共11层)|2007年建板楼  
交通便利，生活设施齐全，配套齐全|1048|126|佳龙花园|3室2厅|中楼层(共14层)|2004年建板楼  
配套设施齐全，交通便利，生活交通都很方便|1195|143|华升新苑|3室2厅|中楼层(共17层)|2005年建板楼  
人闻素质高小区内有健身公园幼儿园居住的好选择|410|93|开鲁二村|3室1厅|高楼层(共6层)|1991年建板楼  
五角场商圈+方圆配套齐全+出行方便|700|126|阳光欧洲公寓|3室2厅|高楼层(共6层)|1999年建板楼  
紧凑户型，小两房，楼栋位置佳，楼层佳，采光好|410|74|城市名园|2室1厅|高楼层(共17层)|2005年建板楼  
满五唯一+到地铁1233米中间楼层+业主诚心出售价格可谈|630|99|华荣公寓|2室1厅|中楼层(共18层)|1998年建板楼  
韵都城 2室2厅 720万|720|98|韵都城|2室2厅|高楼层(共17层)|2007年建板楼  
翔殷大楼 低楼层 五角场版块 两居室|365|68|翔殷大楼|2室1厅|低楼层(共14层)|1989年建塔楼  
南北板式房+近地地铁12号线+精装修+诚心出售|660|100|长阳新家|2室2厅|中楼层(共6层)|1999年建板楼  
朝南一室户  价低户型正气  买到就是赚！|223|33|宁武路513号|1室1厅|高楼层(共6层)|1988年建板楼  
05年次新小区 看房有钥匙 厅朝南  主卧朝南 房东诚售|430|81|城市名园|1室2厅|中楼层(共30层)|2005年建板楼  
双阳一村 1室1厅 265万|265|47|双阳一村|1室1厅|低楼层(共7层)|1992年建板楼  
长阳新苑 新出三房，30平米花园，采光无遮挡，随时看|800|104|长阳新苑|3室2厅|低楼层(共6层)|1998年建板楼  
您和拥有这套房子只差一个来电！满五年唯一免个税|778|100|华升新苑|2室2厅|低楼层(共17层)|2004年建板楼  
鞍山五村 2室1厅 360万|360|55|鞍山五村|2室1厅|低楼层(共5层)|板楼  
松益公寓 3室1厅 670万|670|114|松益公寓|3室1厅|低楼层(共24层)|1995年建塔楼  
九龙仓玺园 4室2厅 2998万|2998|334|九龙仓玺园|4室2厅|中楼层(共13层)|2012年建板楼  
长海一村 2室1厅 355万|355|63|长海一村|2室1厅|高楼层(共6层)|1994年建板楼  
双南双天井，户型方正，地铁站口|430|72|仁德路67弄10支弄|2室1厅|低楼层(共6层)|1997年建板楼  
品质小区 南北通 看房方便 采光全明 拎包入住 精装|1100|128|海上海新城(公寓)|2室2厅|低楼层(共18层)|2006年建板楼  
房东爽气+房子在于比对+税少+南北双阳台+不靠马路|742|98|华升新苑|2室2厅|低楼层(共11层)|2001年建板楼  
彰武大楼 1室1厅 310万|310|45|彰武大楼|1室1厅|高楼层(共16层)|1989年建塔楼  
2房2厅1 置换出售 百米樱花大道 学期一站式|800|88|华润置地橡树湾|2室2厅|低楼层(共16层)|2009年建板楼  
满五唯一+采光好+繁华地段+位置佳|920|130|韵都城|3室2厅|中楼层(共17层)|2007年建板楼  
近地铁12号线300米+双南一北全明户型+业主诚心售|906|127|珠江香樟园|3室2厅|中楼层(共17层)|2005年建板楼  
明星住宅，品质小区，房型正，采光好，带车位|1680|212|三湘七星府邸|4室2厅|高楼层(共7层)|2013年建板楼  
南北通2房，不靠马路，满二唯一，1梯2户，5楼采光好|450|87|怡佳苑|2室2厅|高楼层(共6层)|1995年建板楼  
带车位，送地下室，人车分流，5楼，小区中间，价可谈|830|135|三湘世纪花城|3室2厅|高楼层(共6层)|2002年建板楼  
2010年俊工+原始复式+到地铁12号线426米精装拎包入住|430|55|宁阳福邸|2室1厅|高楼层(共4层)|2010年建板楼  
满二税费少 四房户型 高区景观|1550|175|华润置地橡树湾|4室2厅|高楼层(共20层)|2010年建板楼  
黄兴公园 地铁口 南北两房 空气清新 诚意出售|829|102|佳龙花园|2室2厅|中楼层(共18层)|2004年建板楼  
内环内 品质小区 南北精装两房 送15平花园|550|87|广杭苑|2室1厅|低楼层(共7层)|1996年建板楼  
密云小区 2室1厅 480万|480|66|密云小区|2室1厅|低楼层(共18层)|1989年建塔楼  
05年次新小区，电梯两房诚意卖！单价、总价就是低！！房主自荐|660|94|建设新苑|2室2厅|低楼层(共14层)|2005年建板楼  
三湘世纪花城 3室2厅 900万|900|130|三湘世纪花城|3室2厅|中楼层(共11层)|2002年建板楼  
精装修 户型整齐 电梯房 楼层佳 采光无遮挡 交通方便|900|118|长阳新苑|3室2厅|低楼层(共9层)|1998年建板楼  
凤六新苑 3室2厅2卫 满五 精装修 采光好|975|141|凤六新苑|3室2厅|中楼层(共11层)|2001年建板楼  
08年板式房+近地铁12号线+精装修+诚心出售|743|96|珠江香樟园|2室2厅|高楼层(共25层)|2008年建板楼  
高品质小区+人车分离+得房率高+看房方便+交通方便|1120|119|保利香槟苑|4室2厅|中楼层(共27层)|板楼  
多层高得房率+楼层好+双南户型+采光好+诚意出售|540|89|海鹏苑|2室2厅|中楼层(共6层)|1997年建板楼  
内环内 高层南北通 户型正气 视野开阔 可接受置换|640|74|新凤城|2室1厅|高楼层(共25层)|2005年建板楼  
新江湾湿地一路之隔 坐拥新江湾品质生活|730|88|盛世豪园(二期)|2室2厅|低楼层(共18层)|2014年建板楼  
刚需、采光无遮挡、近五角场、诚意出售、接受置换|365|64|宏翔公寓|2室1厅|低楼层(共7层)|1999年建板楼  
多层电梯房 双南一北 不靠马路  附带产权车位|1080|126|公园3000黄兴花园|3室2厅|中楼层(共7层)|2002年建板楼  
军工路600弄 3室1厅 416万房主自荐|416|73|军工路600弄|3室1厅|高楼层(共6层)|1991年建板楼  
全明户型，随时看房 满5唯一没税，诚意急售看房方便|380|54|霍山路1200弄|2室1厅|中楼层(共6层)|1985年建板楼  
南北通户型 客厅带大窗户 采光无遮挡 交通方便|620|97|荣丰花园|2室2厅|低楼层(共6层)|1998年建板楼  
凤城二村，东南向一门关，低总价，看房有锁，诚意在售房主自荐|160|34|凤城二村|1室0厅|中楼层(共5层)|1988年建板楼  
满五年+中低层+南北通风+采光好+18号线|295|55|三门路358弄|2室1厅|低楼层(共7层)|1994年建板楼  
地铁8号线站 满五唯一 理工 拎包即住理想家园|255|45|延吉东路131弄|2室1厅|中楼层(共7层)|1991年建板楼  
地图找房，更快找到满意真房源，购房安心服务，|375|63|开鲁三村|3室1厅|中楼层(共6层)|1991年建板楼  
位置好 小区环境好 交通便利 房东诚心卖|145|28|闸殷小区|1室0厅|中楼层(共5层)|1984年建板楼  
双喜家园精装修电梯两房 精装全配 拎包入住|785|109|双喜家园|2室1厅|中楼层(共21层)|2000年建塔楼  
北茶园 1室1厅 320万|320|47|北茶园|1室1厅|高楼层(共6层)|1997年建板楼  
【一梯二户】+【满五年唯一】+【售后公房】|440|82|怡佳苑|2室1厅|高楼层(共6层)|1995年建板楼  
满五年，中高楼层，南北户型，厅南北直通，04年原建房|698|108|益民小区|2室2厅|中楼层(共14层)|2004年建板楼  
丹江新苑 2室2厅 660万|660|103|丹江新苑|2室2厅|中楼层(共23层)|2003年建板楼  
双南户型，朝南无遮挡！采购好，阳光好！|333|50|铁岭路110弄|2室1厅|中楼层(共6层)|1983年建板楼  
江浦路地铁直达+紫金广场+满五唯一吴税|365|58|控江路1525弄|2室1厅|低楼层(共7层)|1993年建板楼  
锦杨苑 2室1厅 580万|580|77|锦杨苑|2室1厅|中楼层(共6层)|1998年建板楼  
电梯房一房，满五年唯一，看房基本方便，........房主自荐|219|43|延吉六村|1室1厅|中楼层(共14层)|1987年建塔楼  
百兴花园 3室1厅 630万|630|105|百兴花园|3室1厅|高楼层(共24层)|1997年建塔楼  
一梯两户近地铁，单价只要5万6，诚意急售，225万买入|420|78|仁德路67弄10支弄|2室2厅|高楼层(共6层)|1997年建板楼  
诚意出售 视野开阔 亲近花园  价格很优|650|94|建设新苑|2室2厅|低楼层(共14层)|2005年建板楼  
房东急售+两房朝南+一梯两户+不靠马路+得房率高|775|100|公园3000黄兴花园|2室2厅|中楼层(共5层)|2002年建板楼  
近地铁8号线 翔殷路站 房子干净钱清爽 近欧尚 好房型|495|87|宏翔公寓|2室2厅|高楼层(共7层)|1999年建板楼  
东外滩板块的小房子让您感受黄浦江的美丽风景房主自荐|180|34|眉州路100弄|1室1厅|高楼层(共7层)|1991年建板楼  
内江二村南北两房一厅 有钥匙 随时看|395|70|内江二村|2室1厅|中楼层(共24层)|1989年建塔楼  
业主已定房，一梯三户，满五唯一，随时看|165|33|开鲁路31弄|1室0厅|中楼层(共6层)|1984年建板楼  
双南全明  厅朝西有窗 前面是花园  中层 近地铁8号线|315|56|市光四村|2室1厅|低楼层(共6层)|1990年建板楼  
长海二村 3室1厅 415万|415|72|长海二村|3室1厅|中楼层(共6层)|1994年建板楼  
佳龙花园满五唯一，精装一室户，诚意出售，高品质小区|538|62|佳龙花园|1室2厅|中楼层(共11层)|2004年建板楼  
靖宇南路5弄 1室1厅 345万|345|37|靖宇南路5弄|1室1厅|低楼层(共6层)|1987年建板楼  
延吉七村 1室1厅 195万|195|35|延吉七村|1室1厅|高楼层(共6层)|1985年建板楼  
政通路100弄 2室1厅 385万|385|55|政通路100弄|2室1厅|中楼层(共6层)|1997年建板楼  
梦想大三房 视野采光好对着绿化  双阳台 南北通风|995|136|新江湾城雍景苑|3室2厅|中楼层(共11层)|2006年建板楼  
带天井，厨卫朝北全明，采光好通风好地铁口，全新装修|215|32|延吉二村|1室0厅|低楼层(共6层)|1983年建板楼  
此房精装修南北户型采光好税收少诚意出售|350|68|市光二村|2室1厅|高楼层(共6层)|1989年建板楼  
世晶花苑 3室2厅 720万|720|106|世晶花苑|3室2厅|中楼层(共10层)|2003年建板楼  
钥匙房+电梯大三房+单价低+双轨交接+楼层适宜|570|111|吉浦小区|3室1厅|低楼层(共20层)|1996年建塔楼  
单价低，面积大，满五唯一，钥匙房！|580|115|爱联大厦|2室2厅|高楼层(共21层)|1996年建塔楼  
婚房装修+五角场地铁+全明户型|565|86|北茶园|3室1厅|中楼层(共6层)|1998年建板楼  
8号18号双轨地铁直达+配套成熟+家具家电精装全配+急售|225|39|控江路1525弄|1室1厅|高楼层(共7层)|1993年建板楼  
看房链家有钥匙，低税房满五唯一，南北套厨卫朝北。|235|44|市光四村|1室1厅|中楼层(共6层)|1992年建板楼  
满五唯一+户型正气+一室半户型+采光好+诚意出售|270|40|国年路102弄|1室1厅|中楼层(共5层)|1974年建板楼  
地铁口，阳光楼层，拎包入住，满五唯一，得房率高|908|126|旺增公寓|3室2厅|中楼层(共6层)|2002年建板楼  
双南两房 闹中取静 居家装修 小区已准备平改坡|370|52|沧州路180弄|2室1厅|高楼层(共6层)|1993年建板楼  
凤城五村 近八号线 新华医院紫荆广场|350|55|凤城五村|2室2厅|高楼层(共6层)|1987年建板楼  
三门路358弄五楼热卖一房 价格实惠 业主急售 可看可签|216|42|三门路358弄|1室1厅|中楼层(共7层)|1995年建板楼  
恒阳花苑小面积户型，精装修，近地铁八号线，新华医院|540|66|恒阳花苑|2室1厅|高楼层(共28层)|2005年建板楼  
凤城二村 满五唯一 近紫荆广场新华医院和8号线江浦站|315|54|凤城二村|2室1厅|低楼层(共6层)|2006年建板楼  
产权清晰  满五唯一  配套成熟 看房方便|270|50|延吉五村|2室1厅|高楼层(共6层)|1986年建板楼  
家乐福，8.10号地铁站，菜市场商圈|435|42|密云小区|1室1厅|低楼层(共6层)|1984年建板楼  
高区一线江景，可直接观看陆家嘴夜景，诚意出售|738|123|海泰大厦|3室2厅|中楼层(共24层)|1997年建塔楼  
市光三村 2室1厅 320万|320|64|市光三村|2室1厅|高楼层(共6层)|1993年建板楼  
北茶园 2室1厅 355万|355|56|北茶园|2室1厅|高楼层(共7层)|1997年建板楼  
2003年次新房+1梯三户+送花园+全明户型+业主诚心出售|825|113|珠江香樟园|3室2厅|低楼层(共8层)|2003年建板楼  
这是一个家，有酒有故事，我准备好了，你想听吗？|640|91|崇业小区|2室1厅|低楼层(共22层)|1997年建塔楼  
殷行路470弄 1室1厅 205万|205|46|殷行路470弄|1室1厅|高楼层(共6层)|1994年建板楼  
阜新路284弄  朝南一门关 1988年原建|270|37|阜新路284弄|1室0厅|中楼层(共6层)|1988年建板楼  
精装修，小巧玲珑户型，楼层佳采光足，家电家具全赠|190|39|市光三村|1室0厅|中楼层(共6层)|1993年建板楼  
联升大厦，诚意卖，电梯房，内环内。房主自荐|650|118|联升大厦|3室2厅|高楼层(共27层)|2000年建塔楼  
97年商品房，一梯两户，三楼，边套全明，诚卖|565|102|松花江路95弄|2室2厅|中楼层(共7层)|1997年建板楼  
樟树缘公寓 2室2厅 530万|530|88|樟树缘公寓|2室2厅|高楼层(共6层)|2002年建板楼  
民星住宅小区 2室1厅 320万|320|60|民星住宅小区|2室1厅|中楼层(共18层)|1991年建塔楼  
户型正气，两南一北，厅南北通。看房方便，房东诚售|940|135|黄兴绿园|3室2厅|高楼层(共12层)|2004年建板楼  
双南一北，南北通，一梯两户，看房随时|570|106|政通路100弄|3室2厅|中楼层(共7层)|1997年建板楼  
新江湾佳苑 3室2厅 1200万|1200|143|新江湾佳苑|3室2厅|中楼层(共8层)|2009年建板楼  
上理工 厅房同宽 采光视野好 满五唯一 随时可看|238|40|延吉东路115弄|1室1厅|中楼层(共6层)|1988年建板楼  
华升新苑     出行方便 环境好 经济实惠|860|125|华升新苑|3室2厅|低楼层(共6层)|2001年建板楼  
合生江湾国际公寓 3室2厅 1120万|1120|136|合生江湾国际公寓|3室2厅|高楼层(共8层)|2007年建板楼  
一楼带天井 南 北 通透 东山墙全明|325|59|市光四村|2室1厅|低楼层(共6层)|1993年建板楼  
南北户型 楼层佳 采光充足 配套实施齐全 交通便利|820|127|文化花园香榭丽苑|3室2厅|中楼层(共11层)|1999年建板楼  
大运盛城 内环内 急售！！2006年次新小区，新房已看好|590|82|大运盛城|2室1厅|中楼层(共24层)|2006年建板楼  
一梯两户，户型方正，两房朝南，精装修|508|74|才茂公寓|2室1厅|高楼层(共6层)|1996年建板楼  
电梯高层景观房、诚意出售、到价签字、便利|550|76|杨浦欣园|2室2厅|高楼层(共17层)|2005年建板楼  
大运盛城 内环内次新房 采光充足 诚意出售 免装修房主自荐|838|119|大运盛城|3室2厅|低楼层(共16层)|2003年建板楼  
实惠两房，居家装修，要求不高的客户可以直接入住。房主自荐|288|51|国定路601弄|2室1厅|高楼层(共6层)|1984年建板楼  
六楼复七楼，两南一北，东边套，送大露台|500|94|政通路100弄|3室0厅|高楼层(共6层)|1997年建板楼  
婚房装修中间楼层诚意出售价格好谈|315|47|平凉路1115弄|2室0厅|中楼层(共5层)|1992年建板楼  
浣纱五村 2室1厅 545万|545|89|浣纱五村|2室1厅|高楼层(共25层)|1997年建板楼  
控江四村 2室0厅 235万|235|42|控江四村|2室0厅|中楼层(共6层)|1985年建板楼  
近地铁电梯房，1998年号贷款，精装修边套，诚心出售|520|93|台益公寓|2室2厅|低楼层(共24层)|1998年建塔楼  
南北通透格局好 采光充足 交通便利。|405|63|安居花苑|2室1厅|中楼层(共7层)|1999年建板楼  
南北通透，中区楼层，采光无遮挡，带车位，不靠马路|1650|173|九龙仓玺园|3室2厅|中楼层(共12层)|2012年建板楼  
满两年精装修，买入价格400万，看房提前联系|780|99|现代星洲城|2室2厅|低楼层(共17层)|2003年建板楼  
控江路740弄 2室0厅 255万|255|46|控江路740弄|2室0厅|高楼层(共5层)|1978年建板楼  
业主诚意出售+随时看房+房型正气+交通方便+小区环境好|810|104|欧洲凯城园|2室2厅|低楼层(共11层)|2002年建板楼  
五角场难得2000年的次新房 得房率高 小区环境好房主自荐|540|72|民富家园|2室1厅|低楼层(共6层)|2000年建板楼  
嘉誉湾 4室2厅 2100万|2100|218|嘉誉湾|4室2厅|低楼层(共17层)|2014年建板楼  
引翔港小区 2室0厅 323万|323|48|引翔港小区|2室0厅|高楼层(共6层)|1987年建板楼  
标准商品房，南北通户型，楼层佳户型好，一梯三户|510|91|工农四村星源绿苑|2室2厅|中楼层(共6层)|1996年建板楼  
复旦书馨公寓，地铁10号线国权路站，次新房，得房率高|1150|151|复旦书馨公寓|3室2厅|高楼层(共22层)|2003年建板楼  
房型正气 电梯高层 视野开阔 一梯两户|560|93|星云苑|2室2厅|高楼层(共6层)|2007年建板楼  
近湿地+小区安静位置+正气南北2房+带花园+看房方便|590|82|新江湾时代花园|2室2厅|低楼层(共6层)|2000年建板楼  
一梯三户，南北通风两房  楼层佳 ，采光无遮挡|310|57|市光三村|2室1厅|中楼层(共6层)|1993年建板楼  
高区南北通3房+精装修+紧靠和平公园+双轨交通8/10|850|112|和平花苑|3室2厅|高楼层(共34层)|1997年建塔楼  
近12号线+南北通透+中间楼层+三代同堂+二胎必备房主自荐|540|89|益民小区|3室1厅|中楼层(共7层)|1996年建板楼  
次顶楼，总价低，近3号线和18号线双轨交，看房随时。|205|40|三门路510弄|1室1厅|高楼层(共7层)|1995年建板楼  
精装顶楼复式3房2厅2卫使用面积大|398|59|控江七村|3室2厅|高楼层(共5层)|1979年建板楼  
公交新村 1室0厅 265万|265|34|公交新村|1室0厅|中楼层(共7层)|1994年建板楼  
延吉东路125弄 2室1厅 275万|275|51|延吉东路125弄|2室1厅|高楼层(共6层)|1990年建板楼  
财大小区 2室1厅 324万|324|54|财大小区|2室1厅|高楼层(共6层)|1994年建板楼  
房子目前空关，看房提前预约，诚意出售|220|39|控江路645弄|1室1厅|中楼层(共6层)|1977年建板楼  
满五唯一+低楼层+交通方便+钥匙房小户型+诚心出售|190|37|市光二村|1室0厅|低楼层(共6层)|1994年建板楼  
文化花园清华苑 3室2厅 770万新上|770|124|文化花园清华苑|3室2厅|低楼层(共6层)|2000年建板楼  
双南一东3房+内环内+带车位+满五+内环内房主自荐|680|101|金鹏花园|3室1厅|高楼层(共24层)|1998年建塔楼  
图们小区 2室1厅 309万|309|56|图们小区|2室1厅|低楼层(共6层)|1991年建板楼  
此房满五年税费少 房子是商品房  一梯两户 得房率高|680|129|建设公寓|3室2厅|中楼层(共6层)|1999年建板楼  
内环内近地铁高区景观房，房东出国急卖，价格可以谈|770|108|华晖苑|2室2厅|中楼层(共15层)|2004年建板楼  
满五年+双南户型+采光充足+得房率高+全明户型|530|77|南茶园|3室1厅|高楼层(共6层)|1995年建板楼  
满五年唯一 婚房装修 厅房同宽 厨卫朝北 得房率高|182|39|闸殷路195弄|1室1厅|高楼层(共6层)|1991年建板楼  
内环内，小户型，随时看，总价低，中间好楼层。|200|33|凤城三村|1室0厅|中楼层(共5层)|1984年建板楼  
楼层佳，适宜人群多出手方便，理工加延吉中路近|198|32|安图新村|1室1厅|中楼层(共5层)|1978年建板楼  
申泉小区 2室1厅 390万|390|61|申泉小区|2室1厅|高楼层(共7层)|1995年建板楼  
东外滩渔人码头滨江一线 大三房单价低 环境好随时看！|900|143|双喜家园|3室2厅|低楼层(共21层)|2000年建塔楼  
城市名园 2室1厅 400万|400|78|城市名园|2室1厅|低楼层(共17层)|2005年建板楼  
长阳路890号 2室0厅 245万|245|42|长阳路890号|2室0厅|高楼层(共6层)|1974年建板楼  
一室一厅，可以改二室户，地铁8号线没有多少路程。|200|44|中原纪联小区|1室1厅|高楼层(共7层)|1996年建板楼  
小区品质好，满五唯一，电梯房，全明户型。|650|68|君欣豪庭|1室1厅|低楼层(共22层)|2009年建板楼  
延吉东路82弄 2室1厅 270万|270|42|延吉东路82弄|2室1厅|低楼层(共5层)|1981年建板楼  
楼层好，阳光足 ，出行方便，售后公房|520|89|佳木斯路273号|3室1厅|低楼层(共7层)|1995年建板楼  
鞍山路310弄 2室0厅 380万|380|51|鞍山路310弄|2室0厅|高楼层(共6层)|1982年建板楼  
延吉小区  双南一北 采光无遮挡 视野开阔|516|81|延吉六村|2室1厅|高楼层(共12层)|1987年建塔楼  
满五唯一免征，婚房装修，距离教育基地500米|368|50|鞍山四村第一小区|2室1厅|中楼层(共5层)|1979年建板楼  
12号线江浦公园站+两房朝南采光好+小区安静+房东诚售|610|80|万登花苑|2室2厅|中楼层(共6层)|1997年建板楼  
钥匙房！南北两房 采光充足 诚心买房 看房随时|305|62|闸二小区|2室1厅|高楼层(共6层)|1993年建板楼  
敦化路2弄 1室1厅 220万|220|39|敦化路2弄|1室1厅|中楼层(共5层)|1981年建板楼  
中环和润苑 1室2厅 450万|450|66|中环和润苑|1室2厅|低楼层(共30层)|板楼  
南北通大两房 东边套全明 70万婚房装修|730|107|榆汾新苑|2室2厅|高楼层(共6层)|2002年建板楼  
五角场近地铁口两房两厅一卫 房型正南北通|780|97|兰馨苑(杨浦)|2室2厅|高楼层(共6层)|2002年建板楼  
03年竣工，房型正气，一梯两户，全明户型|580|92|翔殷四村|2室2厅|高楼层(共6层)|2003年建板楼  
温馨美宅（典范板式大宅、税低、送车位）万科翡翠江湾|1280|137|尚浦名邸|2室2厅|中楼层(共17层)|2014年建板楼  
售后公房  满五年不唯一  只有一个点个税 5.56万 全明|550|77|南茶园|3室1厅|高楼层(共6层)|1995年建板楼  
纯别墅小区，类独栋带私家花园，送3露台，7米挑空客厅|3100|618|中建大公馆|4室3厅|低楼层(共3层)|板楼  
总价低+五角场街道+近地铁方便租+价格可谈+近财大复旦|160|28|逸仙路773弄|1室1厅|高楼层(共6层)|1981年建板楼  
珠江香樟南园 1室1厅 420万|420|57|珠江香樟南园|1室1厅|低楼层(共24层)|2004年建板楼  
控江东三村 2室1厅 300万|300|51|控江东三村|2室1厅|高楼层(共6层)|板楼  
内环内 滨江板块 实惠电梯房 品牌装修|650|105|百兴花园|3室2厅|高楼层(共24层)|1997年建塔楼  
单价低，面积大，楼层好，户型正气，适合自住！|720|128|爱联大厦|2室2厅|中楼层(共21层)|1996年建塔楼  
全南户型 房型正气 采光好 看房方便 交通方便  楼层好|420|82|城市名园|2室1厅|低楼层(共30层)|2005年建板楼  
本人发布房源 真实存在 真实在售  真实价格|370|54|鞍山四村第一小区|2室1厅|中楼层(共5层)|1967年建板楼  
顶楼非复式，楼层高采光好，户型正气|750|131|文化花园香榭丽苑|3室2厅|高楼层(共6层)|2002年建板楼  
精装婚房，双南中间户型采光好，售后公房|370|65|怡佳苑|2室1厅|低楼层(共7层)|1995年建板楼  
原建房+低楼层+南北两房+1T4户+随时看房|230|42|控江四村|2室1厅|低楼层(共6层)|1985年建板楼  
诚售高品质两房，高区无遮挡，随时看房，看中价格可谈|565|79|阳明新城|2室1厅|高楼层(共35层)|1997年建塔楼  
中环和润苑 2室1厅 475万|475|68|中环和润苑|2室1厅|中楼层(共30层)|板楼  
离8号线延吉中路站仅50米.......|228|39|延吉五村|1室1厅|中楼层(共6层)|1985年建板楼  
人车分流，品质小区，中间楼层，一梯两户，价格可谈|650|91|三湘世纪花城|2室2厅|中楼层(共6层)|2001年建板楼  
九龙仓玺园南北板式全明三房 满两年送车位 总价低|1520|168|九龙仓玺园|3室2厅|中楼层(共12层)|2012年建板楼  
三湘三期 房型正气 南北通风 楼层好 采光充足 急售|720|105|三湘世纪花城三期|2室2厅|中楼层(共12层)|2003年建板楼  
14年品质新小区，精装修带中 央地暖，停车方便|860|91|文通雅苑|2室2厅|高楼层(共18层)|2014年建板楼  
一楼大一房 小区房源套数不多 为小孩 为老人都是值得|640|87|新江湾城雍景苑|1室2厅|低楼层(共12层)|2006年建板楼  
南北通复试可做4房，随时看，满五税费少,诚心出售|1030|128|建德国际公寓|3室2厅|中楼层(共11层)|2007年建板楼  
有2个车位+1T4户+精装修+复式+不是顶楼+全明户型房主自荐|415|75|控江四村|2室2厅|高楼层(共6层)|板楼  
控二  满5唯一 少税 黄兴路地铁口  4楼 1室1厅|320|38|控江二村|1室1厅|中楼层(共5层)|1973年建板楼  
一梯三户 厅房同宽 厨卫朝北 全天采光 楼层好新上|250|47|民欣苑|1室1厅|中楼层(共6层)|1998年建板楼  
鞍山八村 2室1厅 410万新上|410|56|鞍山八村|2室1厅|高楼层(共6层)|1981年建板楼  
107弄地区，近地铁八号线，你值得拥有|193|35|控江二村107弄小区|1室1厅|低楼层(共5层)|2000年建板楼  
次新小区，全明户型，可改两房，看房随时方便|415|82|城市名园|1室2厅|中楼层(共30层)|2005年建板楼  
钥匙房随时可看，买进就可拎包入住，房子精装修|190|28|宁武路497号|1室1厅|高楼层(共6层)|1988年建板楼  
05年次新房 全南户型 厨卫全明 房型正气 采光好有钥匙|400|85|城市名园|1室2厅|低楼层(共30层)|2005年建板楼  
满五年唯一，电梯复式看东方明珠，带朝北露台，八号线|1500|222|黄兴绿园|5室2厅|高楼层(共12层)|2004年建板楼  
商圈地段，采光好，户型正气大方。|205|41|市光二村|1室0厅|高楼层(共6层)|1990年建板楼  
次新小区人文荟萃,高品质的象征，高舒适生活的享受|420|54|长白新城|1室1厅|低楼层(共11层)|2012年建板楼  
一梯三户，南北通户型，采光无限好，产权户口清晰。|276|54|潘阳小区|2室1厅|中楼层(共6层)|1994年建板楼  
交通很便利 看房子随时方便 采光充足|200|48|兴浦新村|1室1厅|中楼层(共6层)|1994年建板楼  
03年建的次新小区、交通便利、近地铁、小区配套完善、|890|124|黄兴绿园|3室2厅|低楼层(共6层)|2003年建板楼  
江浦路2009弄 2室1厅 305万|305|46|江浦路2009弄|2室1厅|高楼层(共7层)|1992年建板楼  
房东诚心出售 南北户型 有车位可售 采光无遮挡房主自荐|760|96|城市丽园|2室2厅|中楼层(共14层)|2005年建板楼  
杨浦公寓 2室2厅 840万|840|105|杨浦公寓|2室2厅|低楼层(共11层)|2002年建板楼  
怡福苑 2室2厅 555万|555|77|怡福苑|2室2厅|中楼层(共25层)|2005年建塔楼  
浣纱六村 1室1厅 283万|283|46|浣纱六村|1室1厅|中楼层(共7层)|1996年建板楼  
和平花苑 2室2厅 639万|639|90|和平花苑|2室2厅|中楼层(共34层)|1997年建塔楼  
学，区未用 价格可谈 只要看中|795|141|国中公寓|2室2厅|中楼层(共28层)|1998年建塔楼  
五角场版块 万达 南向 一室一厅 电梯房|450|66|协友公寓|1室1厅|中楼层(共22层)|2003年建塔楼  
协友公寓 南向一居室 好楼层 采光不错|470|66|协友公寓|1室1厅|高楼层(共22层)|2003年建塔楼  
两房朝南，厅朝北，房东急卖，次新两房，近地铁公园|590|95|城浦公寓|2室2厅|中楼层(共7层)|2000年建板楼  
两房朝南电梯房+全明户型+精装大两房+房东诚心出售|660|104|东田公寓|2室2厅|低楼层(共24层)|1999年建板楼  
珠江香樟园 2室2厅 695万|695|85|珠江香樟园|2室2厅|中楼层(共8层)|2003年建板楼  
满五唯一售后公房 楼层 好 全明户型 诚意出售 看过来|550|88|双花公寓|2室1厅|中楼层(共19层)|1991年建塔楼  
96年原建，一梯两户，全明户型，南北通透。|750|109|鞍山一村|3室2厅|中楼层(共6层)|1995年建板楼  
工农四村联姻公寓 一梯两户 全明|630|117|工农四村联银公寓|3室2厅|高楼层(共7层)|1999年建板楼  
此房高区电梯房，房型正气，采光充足，适宜居住|570|102|海鹏花苑|2室2厅|中楼层(共24层)|1997年建塔楼  
近8号线站满五唯一 理工学+ 一楼带天井送小花园|275|46|延吉东路131弄|2室1厅|低楼层(共6层)|板楼  
双轨地铁 交通方便 配套齐全 拎包入住|460|64|鞍山五村|2室1厅|高楼层(共5层)|1995年建板楼  
新凤城别墅 内环内联排别墅 带车位和花园 近紫荆广场|2200|205|新凤城|6室3厅|低楼层(共6层)|2004年建板楼  
生活便利 房型正气 地理位置优越|236|51|闸殷路195弄|1室1厅|中楼层(共6层)|1990年建板楼  
稀有小三改两房，全明户型，近地铁，采光充足房主自荐|396|69|国和二村|2室2厅|高楼层(共6层)|1992年建板楼  
12年次新小区  近江浦公园  渔人码头|718|84|圣骊河滨苑|2室1厅|低楼层(共31层)|2012年建板楼  
保利香槟苑 2室2厅 730万|730|91|保利香槟苑|2室2厅|中楼层(共16层)|2008年建板楼  
松苑小区 2室1厅 355万|355|64|松苑小区|2室1厅|高楼层(共7层)|1995年建板楼  
武川路99弄 1室1厅 230万|230|42|武川路99弄|1室1厅|低楼层(共6层)|1990年建板楼  
内江一村，双南两房一厅 有钥匙随时可看|340|59|内江一村|2室1厅|中楼层(共5层)|1983年建板楼  
楼层好，采光充足，视野开阔，房子诚意出售。|630|108|五彩星辰|3室2厅|中楼层(共6层)|2000年建板楼  
顶楼带阁楼，使用面积大，采光好，近地铁，配套齐全|300|46|控江路1039弄|2室1厅|高楼层(共5层)|1972年建板楼  
张家浜小区 1室1厅 270万新上|270|45|张家浜小区|1室1厅|中楼层(共7层)|1997年建板楼  
房东诚售，价格可谈，品质小区，随时可看，采光无档新上|545|74|阳明新城|2室1厅|低楼层(共35层)|塔楼  
东田公寓 2室2厅 630万新上|630|104|东田公寓|2室2厅|低楼层(共24层)|1999年建塔楼  
合生江湾国际公寓 2室2厅 760万新上|760|96|合生江湾国际公寓|2室2厅|中楼层(共11层)|2008年建板楼  
一梯三户+希缺户型+小三房+中间楼层+不靠马路+學区房|415|66|铁路新村(杨浦)|3室1厅|低楼层(共6层)|1986年建板楼  
复旦大学五角场地段近10号线南北通透全明户型两房两厅|305|47|四平路2100弄|2室1厅|高楼层(共6层)|1985年建板楼  
陆家嘴景观房+全天采光+精装修+单价低+看房随时方便|533|89|惠浦大厦|3室1厅|中楼层(共20层)|2000年建板楼  
有尖顶可以做房间，业主诚意至极，人好心善|580|85|新江湾时代花园|2室2厅|高楼层(共6层)|2000年建板楼  
满五唯一 带产权车位  二期南北通透|780|108|合生江湾国际公寓|2室2厅|高楼层(共11层)|2008年建板楼  
